Airport,CurStaff ,CRWGTarget,TrainingTime,TrainingSuccess,FacilityLevel
ATL,75%,52,1.03 yrs,74%,12
BOS,79%,33,1.14 yrs,61%,10
BWI,86%,22,0.89 yrs,79%,8
DCA,77%,30,1.25 yrs,78%,9
DEN,66%,47,0.98 yrs,84%,12
DFW,80%,54,1.4 yrs,55%,12
DTW,93%,30,1.19 yrs,70%,9
EWR,74%,38,1.95 yrs,72%,11
FLL,88%,24,0.51 yrs,88%,8
IAD,87%,30,1.46 yrs,72%,10
IAH,85%,34,1.02 yrs,90%,11
JFK,69%,36,2.05 yrs,62%,11
LAS,74%,43,0.96 yrs,64%,11
LAX,82%,45,1.99 yrs,57%,11
LGA,89%,37,2.11 yrs,57%,11
MCO,91%,33,0.7 yrs,84%,9
MDW,77%,22,1.05 yrs,87%,8
MSP,106%,33,1.26 yrs,84%,9
ORD,65%,88,1.76 yrs,58%,12
PHX,78%,36,0.84 yrs,88%,10
SAN,91%,23,0.61 yrs,78%,8
SEA,91%,33,0.6 yrs,86%,10
SFO,66%,32,1.39 yrs,60%,10
SLC,81%,32,0.91 yrs,85%,10
STL,147%,15,0.7 yrs,66%,7
CLT,85.88%,85,1.66 yrs,87%,12
MIA,75.56%,90,2.69 yrs,60%,12
PHL,81.82%,110,2.18 yrs,55%,12
TPA,76.92%,52,2.23 yrs,59%,10
HNL,74.19%,93,2.86 yrs,65%,11
RDU,87.50%,40,1.52 yrs,91%,9
BNA,55.77%,52,1.88 yrs,73%,10
AUS,53.85%,52,1.8 yrs,62%,9
