airport,hub_size,hub_code,enplanements_cy23,slot_controlled,runway_count,icao_ident,faa_hub_year
ATL,Large,L,50950068,False,5,KATL,2023
AUS,Large,L,10833443,False,2,KAUS,2023
BNA,Large,L,11227243,False,4,KBNA,2023
BOS,Large,L,19962678,False,6,KBOS,2023
BWI,Large,L,12849721,False,3,KBWI,2023
CLT,Large,L,25896224,False,3,KCLT,2023
DCA,Large,L,12365030,True,3,KDCA,2023
DEN,Large,L,37863967,False,6,KDEN,2023
DFW,Large,L,39246212,False,7,KDFW,2023
DTW,Large,L,15378601,False,6,KDTW,2023
EWR,Large,L,24575320,True,3,KEWR,2023
FLL,Large,L,17063063,False,2,KFLL,2023
IAD,Large,L,12073571,False,4,KIAD,2023
IAH,Large,L,22228844,False,5,KIAH,2023
JFK,Large,L,30804355,True,4,KJFK,2023
LAS,Large,L,27896199,False,4,KLAS,2023
LAX,Large,L,40956673,False,4,KLAX,2023
LGA,Large,L,16173073,True,2,KLGA,2023
MCO,Large,L,28033205,False,4,KMCO,2023
MDW,Large,L,10659520,False,4,KMDW,2023
MIA,Large,L,24717048,False,4,KMIA,2023
MSP,Large,L,17019128,False,4,KMSP,2023
ORD,Large,L,35843104,False,8,KORD,2023
PHL,Large,L,13658669,False,4,KPHL,2023
PHX,Large,L,23880504,False,3,KPHX,2023
SAN,Large,L,12190183,False,1,KSAN,2023
SEA,Large,L,24594210,False,3,KSEA,2023
SFO,Large,L,24191159,False,4,KSFO,2023
SLC,Large,L,12905368,False,4,KSLC,2023
TPA,Large,L,11677632,False,3,KTPA,2023
